<?xml version="1.0" encoding="UTF-8"?>
<project-private xmlns="http://www.netbeans.org/ns/project-private/1">
    <editor-bookmarks xmlns="http://www.netbeans.org/ns/editor-bookmarks/2" lastBookmarkId="0"/>
    <open-files xmlns="http://www.netbeans.org/ns/projectui-open-files/2">
        <group>
            <file>file:/D:/Academic/6th%20semester/CO326/Serial%20Communication/serial_communication/Lab01B/Lab01B_Embedded_microchip.X/mcc_generated_files/mcc.h</file>
            <file>file:/D:/Academic/6th%20semester/CO326/Serial%20Communication/serial_communication/Lab01B/Lab01B_Embedded_microchip.X/mcc_generated_files/pin_manager.c</file>
            <file>file:/D:/Academic/6th%20semester/CO326/Serial%20Communication/serial_communication/Lab01B/Lab01B_Embedded_microchip.X/mcc_generated_files/mcc.c</file>
            <file>file:/D:/Academic/6th%20semester/CO326/Serial%20Communication/serial_communication/Lab01B/Lab01B_Embedded_microchip.X/main.c</file>
        </group>
    </open-files>
</project-private>
